Date,"Time series"
2019-01-01,800
2019-01-02,1034
2019-01-03,1191
2019-01-04,1199
2019-01-05,783
2019-01-06,912
2019-01-07,1376
2019-01-08,1436
2019-01-09,1498
2019-01-10,1430
2019-01-11,1241
2019-01-12,806
2019-01-13,846
2019-01-14,1398
2019-01-15,1467
2019-01-16,1469
2019-01-17,1411
2019-01-18,1264
2019-01-19,1031
2019-01-20,914
2019-01-21,1443
2019-01-22,1596
2019-01-23,1769
2019-01-24,1581
2019-01-25,1524
2019-01-26,794
2019-01-27,1009
2019-01-28,1609
2019-01-29,1621
2019-01-30,1620
2019-01-31,1377
2019-02-01,1309
2019-02-02,849
2019-02-03,902
2019-02-04,1398
2019-02-05,1501
2019-02-06,1515
2019-02-07,1554
2019-02-08,1349
2019-02-09,880
2019-02-10,949
2019-02-11,1563
2019-02-12,1628
2019-02-13,1645
2019-02-14,1484
2019-02-15,1300
2019-02-16,845
2019-02-17,975
2019-02-18,1553
2019-02-19,1765
2019-02-20,1668
2019-02-21,1717
2019-02-22,1377
2019-02-23,921
2019-02-24,1005
2019-02-25,1700
2019-02-26,1750
2019-02-27,1646
2019-02-28,1581
2019-03-01,1467
2019-03-02,993
2019-03-03,1074
2019-03-04,1698
2019-03-05,1851
2019-03-06,1865
2019-03-07,1684
2019-03-08,1420
2019-03-09,952
2019-03-10,1055
2019-03-11,1780
2019-03-12,1802
2019-03-13,1753
2019-03-14,1766
2019-03-15,1527
2019-03-16,1022
2019-03-17,1167
2019-03-18,1764
2019-03-19,1708
2019-03-20,1806
2019-03-21,1635
2019-03-22,1409
2019-03-23,987
2019-03-24,1220
2019-03-25,1809
2019-03-26,1901
2019-03-27,1795
2019-03-28,1746
2019-03-29,1572
2019-03-30,1057
2019-03-31,1175
2019-04-01,1720
2019-04-02,1729
2019-04-03,1792
2019-04-04,1810
2019-04-05,1482
2019-04-06,987
2019-04-07,1143
2019-04-08,1839
2019-04-09,1836
2019-04-10,1764
2019-04-11,1689
2019-04-12,1372
2019-04-13,964
2019-04-14,1131
2019-04-15,1935
2019-04-16,1826
2019-04-17,1655
2019-04-18,1488
2019-04-19,1185
2019-04-20,971
2019-04-21,1007
2019-04-22,1484
2019-04-23,1687
2019-04-24,1753
2019-04-25,1681
2019-04-26,1367
2019-04-27,944
2019-04-28,1105
2019-04-29,1610
2019-04-30,1574
2019-05-01,1418
2019-05-02,1564
2019-05-03,1402
2019-05-04,1075
2019-05-05,1103
2019-05-06,1647
2019-05-07,1660
2019-05-08,1674
2019-05-09,1785
2019-05-10,1434
2019-05-11,1086
2019-05-12,1084
2019-05-13,1634
2019-05-14,1885
2019-05-15,1585
2019-05-16,1598
2019-05-17,1403
2019-05-18,899
2019-05-19,988
2019-05-20,1497
2019-05-21,1603
2019-05-22,1540
2019-05-23,1517
2019-05-24,1305
2019-05-25,885
2019-05-26,984
2019-05-27,1381
2019-05-28,1515
2019-05-29,1440
2019-05-30,1313
2019-05-31,1199
2019-06-01,788
2019-06-02,835
2019-06-03,1362
2019-06-04,1377
2019-06-05,1408
2019-06-06,1380
2019-06-07,1265
2019-06-08,849
2019-06-09,968
2019-06-10,1370
2019-06-11,1466
2019-06-12,1453
2019-06-13,1345
2019-06-14,1160
2019-06-15,757
2019-06-16,824
2019-06-17,1314
2019-06-18,1382
2019-06-19,1417
2019-06-20,1425
2019-06-21,1144
2019-06-22,653
2019-06-23,751
2019-06-24,1426
2019-06-25,1317
2019-06-26,1493
2019-06-27,1152
2019-06-28,986
2019-06-29,789
2019-06-30,846
2019-07-01,1305
2019-07-02,1261
2019-07-03,1364
2019-07-04,1161
2019-07-05,1003
2019-07-06,665
2019-07-07,763
2019-07-08,1232
2019-07-09,1281
2019-07-10,1248
2019-07-11,1169
2019-07-12,1014
2019-07-13,674
2019-07-14,707
2019-07-15,1195
2019-07-16,1283
2019-07-17,1236
2019-07-18,1232
2019-07-19,1087
2019-07-20,660
2019-07-21,727
2019-07-22,1274
2019-07-23,1422
2019-07-24,1279
2019-07-25,1147
2019-07-26,1002
2019-07-27,693
2019-07-28,657
2019-07-29,1166
2019-07-30,1309
2019-07-31,1288
2019-08-01,1314
2019-08-02,1102
2019-08-03,671
2019-08-04,767
2019-08-05,1206
2019-08-06,1234
2019-08-07,1299
2019-08-08,1141
2019-08-09,1025
2019-08-10,656
2019-08-11,650
2019-08-12,1173
2019-08-13,1218
2019-08-14,1176
2019-08-15,1061
2019-08-16,1119
2019-08-17,735
2019-08-18,860
2019-08-19,1529
2019-08-20,1477
2019-08-21,1327
2019-08-22,1300
2019-08-23,1089
2019-08-24,718
2019-08-25,833
2019-08-26,1281
2019-08-27,1474
2019-08-28,1350
2019-08-29,1260
2019-08-30,1109
2019-08-31,688
2019-09-01,736
2019-09-02,1062
2019-09-03,1401
2019-09-04,1412
2019-09-05,1365
2019-09-06,1084
2019-09-07,642
2019-09-08,795
2019-09-09,1332
2019-09-10,1576
2019-09-11,1316
2019-09-12,1350
2019-09-13,1178
2019-09-14,796
2019-09-15,916
2019-09-16,1501
2019-09-17,1470
2019-09-18,1646
2019-09-19,1386
2019-09-20,1265
2019-09-21,773
2019-09-22,873
2019-09-23,1582
2019-09-24,1614
2019-09-25,1613
2019-09-26,1489
2019-09-27,1392
2019-09-28,901
2019-09-29,946
2019-09-30,1620
2019-10-01,1421
2019-10-02,1476
2019-10-03,1950
2019-10-04,1224
2019-10-05,831
2019-10-06,900
2019-10-07,1431
2019-10-08,1556
2019-10-09,1867
2019-10-10,1989
2019-10-11,1808
2019-10-12,1791
2019-10-13,1288
2019-10-14,1937
2019-10-15,1783
2019-10-16,1768
2019-10-17,1620
2019-10-18,1429
2019-10-19,960
2019-10-20,1080
2019-10-21,1635
2019-10-22,1597
2019-10-23,1453
2019-10-24,1486
2019-10-25,1186
2019-10-26,887
2019-10-27,852
2019-10-28,1504
2019-10-29,1604
2019-10-30,1541
2019-10-31,1532
2019-11-01,1254
2019-11-02,934
2019-11-03,1059
2019-11-04,1626
2019-11-05,1650
2019-11-06,1638
2019-11-07,1622
2019-11-08,1389
2019-11-09,926
2019-11-10,1081
2019-11-11,1639
2019-11-12,1765
2019-11-13,1835
2019-11-14,1787
2019-11-15,1502
2019-11-16,1002
2019-11-17,1107
2019-11-18,1661
2019-11-19,1660
2019-11-20,1582
2019-11-21,1565
2019-11-22,1382
2019-11-23,970
2019-11-24,1174
2019-11-25,1616
2019-11-26,1684
2019-11-27,1616
2019-11-28,1486
2019-11-29,1282
2019-11-30,1015
2019-12-01,1158
2019-12-02,1868
2019-12-03,1790
2019-12-04,1836
2019-12-05,1750
2019-12-06,1378
2019-12-07,1062
2019-12-08,1261
2019-12-09,1845
2019-12-10,1807
2019-12-11,1789
2019-12-12,1834
2019-12-13,1367
2019-12-14,914
2019-12-15,1010
2019-12-16,1500
2019-12-17,1635
2019-12-18,1561
2019-12-19,1317
2019-12-20,1326
2019-12-21,712
2019-12-22,782
2019-12-23,1134
2019-12-24,816
2019-12-25,614
2019-12-26,812
2019-12-27,795
2019-12-28,648
2019-12-29,732
2019-12-30,904
2019-12-31,705
2020-01-01,561
2020-01-02,1005
2020-01-03,1111
2020-01-04,803
2020-01-05,787
2020-01-06,1243
2020-01-07,1469
2020-01-08,1511
2020-01-09,1494
2020-01-10,1322
2020-01-11,860
2020-01-12,929
2020-01-13,1478
2020-01-14,1602
2020-01-15,1465
2020-01-16,1579
2020-01-17,1358
2020-01-18,870
2020-01-19,985
2020-01-20,1501
2020-01-21,1556
2020-01-22,1559
2020-01-23,1472
2020-01-24,1243
2020-01-25,831
2020-01-26,913
2020-01-27,1515
2020-01-28,1596
2020-01-29,1564
2020-01-30,1554
2020-01-31,1262
2020-02-01,875
2020-02-02,947
2020-02-03,1604
2020-02-04,1580
2020-02-05,1715
2020-02-06,1499
2020-02-07,1425
2020-02-08,900
2020-02-09,1057
2020-02-10,1751
2020-02-11,1638
2020-02-12,1552
2020-02-13,1605
2020-02-14,1295
2020-02-15,869
2020-02-16,950
2020-02-17,1470
2020-02-18,1560
2020-02-19,1602
2020-02-20,1593
2020-02-21,1322
2020-02-22,873
2020-02-23,1042
2020-02-24,1588
2020-02-25,1663
2020-02-26,1608
2020-02-27,1716
2020-02-28,1408
2020-02-29,985
2020-03-01,1042
2020-03-02,1521
2020-03-03,1549
2020-03-04,1556
2020-03-05,1583
2020-03-06,1422
2020-03-07,973
2020-03-08,959
2020-03-09,1517
2020-03-10,1626
2020-03-11,1551
2020-03-12,1564
2020-03-13,1276
2020-03-14,921
2020-03-15,952
2020-03-16,1316
2020-03-17,1231
2020-03-18,1183
2020-03-19,1278
2020-03-20,1089
2020-03-21,863
2020-03-22,969
2020-03-23,1368
2020-03-24,1358
2020-03-25,1319
2020-03-26,1297
2020-03-27,1199
2020-03-28,897
2020-03-29,1044
2020-03-30,1410
2020-03-31,1304
2020-04-01,1412
2020-04-02,1360
2020-04-03,1230
2020-04-04,1080
2020-04-05,1046
2020-04-06,1349
2020-04-07,1402
2020-04-08,1299
2020-04-09,1333
2020-04-10,1237
2020-04-11,992
2020-04-12,1007
2020-04-13,1338
2020-04-14,1421
2020-04-15,1451
2020-04-16,1460
2020-04-17,1370
2020-04-18,948
2020-04-19,1038
2020-04-20,1508
2020-04-21,1533
2020-04-22,1605
2020-04-23,1474
2020-04-24,1449
2020-04-25,1078
2020-04-26,1159
2020-04-27,1553
2020-04-28,1569
2020-04-29,1540
2020-04-30,1416
2020-05-01,1236
2020-05-02,1112
2020-05-03,1136
2020-05-04,1548
2020-05-05,1451
2020-05-06,1490
2020-05-07,1419
2020-05-08,1280
2020-05-09,940
2020-05-10,967
2020-05-11,1464
2020-05-12,1566
2020-05-13,1471
2020-05-14,1429
2020-05-15,1273
2020-05-16,946
2020-05-17,1029
2020-05-18,1389
2020-05-19,1391
2020-05-20,1389
2020-05-21,1283
2020-05-22,1114
2020-05-23,884
2020-05-24,911
2020-05-25,1245
2020-05-26,1309
2020-05-27,1411
2020-05-28,1438
2020-05-29,1232
2020-05-30,936
2020-05-31,879
2020-06-01,1280
2020-06-02,1344
2020-06-03,1258
2020-06-04,1356
2020-06-05,1310
2020-06-06,1034
2020-06-07,1056
2020-06-08,1340
2020-06-09,1283
2020-06-10,1274
2020-06-11,1267
2020-06-12,1142
2020-06-13,820
2020-06-14,872
2020-06-15,1370
2020-06-16,1325
2020-06-17,1263
2020-06-18,1260
2020-06-19,1116
2020-06-20,916
2020-06-21,761
2020-06-22,1238
2020-06-23,1264
2020-06-24,1307
2020-06-25,1217
2020-06-26,1021
2020-06-27,803
2020-06-28,780
2020-06-29,1199
2020-06-30,1213
2020-07-01,1151
2020-07-02,1152
2020-07-03,990
2020-07-04,729
2020-07-05,700
2020-07-06,1271
2020-07-07,1144
2020-07-08,1193
2020-07-09,1191
2020-07-10,1078
2020-07-11,742
2020-07-12,806
2020-07-13,1221
2020-07-14,1192
2020-07-15,1099
2020-07-16,1236
2020-07-17,1116
2020-07-18,759
2020-07-19,784
2020-07-20,1041
2020-07-21,1179
2020-07-22,1194
2020-07-23,1186
2020-07-24,948
2020-07-25,1083
2020-07-26,782
2020-07-27,1124
2020-07-28,1068
2020-07-29,1028
2020-07-30,1023
2020-07-31,905
2020-08-01,670
2020-08-02,647
2020-08-03,866
2020-08-04,1014
2020-08-05,1013
2020-08-06,1072
2020-08-07,945
2020-08-08,747
2020-08-09,690
2020-08-10,1630
2020-08-11,6651
2020-08-12,1175
2020-08-13,1201
2020-08-14,990
2020-08-15,703
2020-08-16,738
2020-08-17,1086
2020-08-18,1117
2020-08-19,1181
2020-08-20,1045
2020-08-21,990
2020-08-22,692
2020-08-23,726
2020-08-24,1208
2020-08-25,1206
2020-08-26,1175
2020-08-27,1158
2020-08-28,987
2020-08-29,805
2020-08-30,798
2020-08-31,1114
2020-09-01,1183
2020-09-02,1151
2020-09-03,1192
2020-09-04,1100
2020-09-05,657
2020-09-06,761
2020-09-07,1117
2020-09-08,1255
2020-09-09,1252
2020-09-10,1257
2020-09-11,1121
2020-09-12,902
2020-09-13,914
2020-09-14,1304
2020-09-15,1334
2020-09-16,1489
2020-09-17,1363
2020-09-18,1403
2020-09-19,894
2020-09-20,1013
2020-09-21,1424
2020-09-22,1534
2020-09-23,1429
2020-09-24,1416
2020-09-25,1233
2020-09-26,915
2020-09-27,895
2020-09-28,1616
2020-09-29,1437
2020-09-30,1498
2020-10-01,1324
2020-10-02,1093
2020-10-03,877
2020-10-04,914
2020-10-05,1288
2020-10-06,1488
2020-10-07,1598
2020-10-08,1455
2020-10-09,1486
2020-10-10,995
2020-10-11,1050
2020-10-12,1568
2020-10-13,1636
2020-10-14,1572
2020-10-15,1660
2020-10-16,1341
2020-10-17,955
2020-10-18,1399
2020-10-19,1746
2020-10-20,1513
2020-10-21,1371
2020-10-22,1401
2020-10-23,1140
2020-10-24,803
2020-10-25,816
2020-10-26,1299
2020-10-27,1466
2020-10-28,1400
2020-10-29,1310
2020-10-30,1127
2020-10-31,807
2020-11-01,918
2020-11-02,1377
2020-11-03,1451
2020-11-04,1253
2020-11-05,1339
2020-11-06,1275
2020-11-07,832
2020-11-08,944
2020-11-09,1570
2020-11-10,1461
2020-11-11,1402
2020-11-12,1510
2020-11-13,1114
2020-11-14,741
2020-11-15,864
2020-11-16,1300
2020-11-17,1454
2020-11-18,1449
2020-11-19,1394
2020-11-20,1246
2020-11-21,1003
2020-11-22,975
2020-11-23,1494
2020-11-24,1539
2020-11-25,1409
2020-11-26,1294
2020-11-27,1198
2020-11-28,1143
2020-11-29,929
2020-11-30,1371
2020-12-01,1528
2020-12-02,1561
2020-12-03,1614
2020-12-04,1508
2020-12-05,1228
2020-12-06,1221
2020-12-07,1874
2020-12-08,1534
2020-12-09,1528
2020-12-10,1567
2020-12-11,1456
2020-12-12,1102
2020-12-13,1131
2020-12-14,1469
2020-12-15,1414
2020-12-16,1303
2020-12-17,1646
2020-12-18,1312
2020-12-19,924
2020-12-20,891
2020-12-21,1162
2020-12-22,1114
2020-12-23,1105
2020-12-24,885
2020-12-25,616
2020-12-26,637
2020-12-27,711
2020-12-28,951
2020-12-29,1023
2020-12-30,953
2020-12-31,636
2021-01-01,560
2021-01-02,813
2021-01-03,887
2021-01-04,1389
2021-01-05,2460
2021-01-06,1324
2021-01-07,1314
2021-01-08,1249
2021-01-09,1023
2021-01-10,912
2021-01-11,1317
2021-01-12,1333
2021-01-13,1375
2021-01-14,1207
2021-01-15,1129
2021-01-16,759
2021-01-17,852
2021-01-18,1232
2021-01-19,1313
2021-01-20,1173
2021-01-21,1239
2021-01-22,1204
2021-01-23,926
2021-01-24,896
2021-01-25,1343
2021-01-26,1233
2021-01-27,1389
2021-01-28,1303
2021-01-29,1285
2021-01-30,944
2021-01-31,936
2021-02-01,1369
2021-02-02,1353
2021-02-03,1305
2021-02-04,1388
2021-02-05,1203
2021-02-06,850
2021-02-07,870
2021-02-08,1425
2021-02-09,1444
2021-02-10,1248
2021-02-11,1252
2021-02-12,1138
2021-02-13,1353
2021-02-14,846
2021-02-15,1245
2021-02-16,1288
2021-02-17,1442
2021-02-18,1500
2021-02-19,1214
2021-02-20,995
2021-02-21,921
2021-02-22,1458
2021-02-23,1389
2021-02-24,1535
2021-02-25,1497
2021-02-26,1475
2021-02-27,1119
2021-02-28,1153
2021-03-01,1594
2021-03-02,1711
2021-03-03,1537
2021-03-04,1443
2021-03-05,1292
2021-03-06,1482
2021-03-07,1072
2021-03-08,1541
2021-03-09,1505
2021-03-10,1607
2021-03-11,1379
2021-03-12,1170
2021-03-13,903
2021-03-14,937
2021-03-15,1355
2021-03-16,1603
2021-03-17,1255
2021-03-18,1480
2021-03-19,1219
2021-03-20,999
2021-03-21,1052
2021-03-22,1446
2021-03-23,1421
2021-03-24,1321
2021-03-25,1336
2021-03-26,1129
2021-03-27,843
2021-03-28,777
2021-03-29,1141
2021-03-30,1166
2021-03-31,1126
2021-04-01,1047
2021-04-02,844
2021-04-03,783
2021-04-04,785
2021-04-05,1092
2021-04-06,1216
2021-04-07,1149
2021-04-08,1307
2021-04-09,1141
2021-04-10,837
2021-04-11,814
2021-04-12,1267
2021-04-13,1230
2021-04-14,1313
2021-04-15,1303
2021-04-16,1185
2021-04-17,839
2021-04-18,838
2021-04-19,1290
2021-04-20,1298
2021-04-21,1215
2021-04-22,1342
2021-04-23,1180
2021-04-24,737
2021-04-25,775
2021-04-26,1235
2021-04-27,1220
2021-04-28,1337
2021-04-29,1246
2021-04-30,1181
2021-05-01,612
2021-05-02,706
2021-05-03,1166
2021-05-04,1136
2021-05-05,1295
2021-05-06,1161
2021-05-07,991
2021-05-08,674
2021-05-09,709
2021-05-10,1203
2021-05-11,1154
2021-05-12,1501
2021-05-13,971
2021-05-14,882
2021-05-15,676
2021-05-16,1199
2021-05-17,1177
2021-05-18,1117
2021-05-19,1195
2021-05-20,1118
2021-05-21,1019
2021-05-22,806
2021-05-23,747
2021-05-24,1151
2021-05-25,1194
2021-05-26,1161
2021-05-27,1039
2021-05-28,1029
2021-05-29,764
2021-05-30,782
2021-05-31,1122
2021-06-01,1210
2021-06-02,1130
2021-06-03,1195
2021-06-04,1096
2021-06-05,689
2021-06-06,840
2021-06-07,1467
2021-06-08,1622
2021-06-09,1337
2021-06-10,1353
2021-06-11,1114
2021-06-12,783
2021-06-13,879
2021-06-14,1303
2021-06-15,1264
2021-06-16,1199
2021-06-17,1339
2021-06-18,1177
2021-06-19,833
2021-06-20,814
2021-06-21,1351
2021-06-22,1231
2021-06-23,1371
2021-06-24,1165
2021-06-25,1337
2021-06-26,690
2021-06-27,748
2021-06-28,1074
2021-06-29,1155
2021-06-30,1088
2021-07-01,1308
2021-07-02,1020
2021-07-03,1322
2021-07-04,877
2021-07-05,1419
2021-07-06,1211
2021-07-07,1358
2021-07-08,1160
2021-07-09,1173
2021-07-10,773
2021-07-11,763
2021-07-12,1252
2021-07-13,1292
2021-07-14,1193
2021-07-15,1140
2021-07-16,911
2021-07-17,676
2021-07-18,771
2021-07-19,1111
2021-07-20,984
2021-07-21,899
2021-07-22,973
2021-07-23,854
2021-07-24,630
2021-07-25,555
2021-07-26,993
2021-07-27,914
2021-07-28,1120
2021-07-29,954
2021-07-30,879
2021-07-31,660
2021-08-01,557
2021-08-02,930
2021-08-03,910
2021-08-04,947
2021-08-05,881
2021-08-06,776
2021-08-07,974
2021-08-08,572
2021-08-09,1274
2021-08-10,974
2021-08-11,907
2021-08-12,885
2021-08-13,837
2021-08-14,619
2021-08-15,551
2021-08-16,1059
2021-08-17,949
2021-08-18,1059
2021-08-19,923
2021-08-20,854
2021-08-21,653
2021-08-22,641
2021-08-23,1000
2021-08-24,1062
2021-08-25,1021
2021-08-26,1006
2021-08-27,910
2021-08-28,690
2021-08-29,647
2021-08-30,920
2021-08-31,1249
2021-09-01,917
2021-09-02,878
2021-09-03,822
2021-09-04,591
2021-09-05,549
2021-09-06,974
2021-09-07,989
2021-09-08,1108
2021-09-09,940
2021-09-10,835
2021-09-11,604
2021-09-12,620
2021-09-13,996
2021-09-14,1004
2021-09-15,1076
2021-09-16,957
2021-09-17,1012
2021-09-18,607
2021-09-19,771
2021-09-20,1054
2021-09-21,1047
2021-09-22,905
2021-09-23,996
2021-09-24,847
2021-09-25,584
2021-09-26,681
2021-09-27,979
2021-09-28,1043
2021-09-29,995
2021-09-30,1048
2021-10-01,902
2021-10-02,537
2021-10-03,739
2021-10-04,1075
2021-10-05,1073
2021-10-06,1166
2021-10-07,945
2021-10-08,904
2021-10-09,722
2021-10-10,645
2021-10-11,1101
2021-10-12,989
2021-10-13,1098
2021-10-14,965
2021-10-15,918
2021-10-16,621
2021-10-17,726
2021-10-18,1192
2021-10-19,1080
2021-10-20,986
2021-10-21,1090
2021-10-22,956
2021-10-23,687
2021-10-24,593
2021-10-25,1164
2021-10-26,1092
2021-10-27,1194
2021-10-28,1058
2021-10-29,1162
2021-10-30,663
2021-10-31,727
2021-11-01,1049
2021-11-02,1026
2021-11-03,975
2021-11-04,881
2021-11-05,932
2021-11-06,677
2021-11-07,793
2021-11-08,1131
2021-11-09,1202
2021-11-10,1059
2021-11-11,1178
2021-11-12,960
2021-11-13,741
2021-11-14,731
2021-11-15,1057
2021-11-16,1245
2021-11-17,1090
2021-11-18,1142
2021-11-19,1055
2021-11-20,788
2021-11-21,856
2021-11-22,1195
2021-11-23,1104
2021-11-24,1080
2021-11-25,1102
2021-11-26,885
2021-11-27,706
2021-11-28,807
2021-11-29,1133
2021-11-30,1238
2021-12-01,1177
2021-12-02,1117
2021-12-03,1066
2021-12-04,694
2021-12-05,856
2021-12-06,1134
2021-12-07,1108
2021-12-08,1192
2021-12-09,1191
2021-12-10,981
2021-12-11,828
2021-12-12,904
2021-12-13,1112
2021-12-14,1187
2021-12-15,1157
2021-12-16,1076
2021-12-17,899
2021-12-18,658
2021-12-19,683
2021-12-20,884
2021-12-21,921
2021-12-22,834
2021-12-23,729
2021-12-24,589
2021-12-25,459
2021-12-26,502
2021-12-27,685
2021-12-28,811
2021-12-29,839
2021-12-30,693
2021-12-31,567
2022-01-01,369
2022-01-02,577
2022-01-03,799
2022-01-04,913
2022-01-05,926
2022-01-06,901
2022-01-07,903
2022-01-08,674
2022-01-09,727
2022-01-10,1072
2022-01-11,1066
2022-01-12,1103
2022-01-13,1039
2022-01-14,853
2022-01-15,705
2022-01-16,741
2022-01-17,1150
2022-01-18,1122
2022-01-19,1242
2022-01-20,1070
2022-01-21,936
2022-01-22,645
2022-01-23,646
2022-01-24,1077
2022-01-25,1104
2022-01-26,943
2022-01-27,1120
2022-01-28,911
2022-01-29,676
2022-01-30,728
2022-01-31,996
2022-02-01,1003
2022-02-02,1075
2022-02-03,962
2022-02-04,812
2022-02-05,616
2022-02-06,748
2022-02-07,1144
2022-02-08,1113
2022-02-09,1066
2022-02-10,1101
2022-02-11,1041
2022-02-12,761
2022-02-13,735
2022-02-14,1160
2022-02-15,1120
2022-02-16,1242
2022-02-17,1184
2022-02-18,944
2022-02-19,759
2022-02-20,757
2022-02-21,1202
2022-02-22,1127
2022-02-23,1048
2022-02-24,1076
2022-02-25,830
2022-02-26,819
2022-02-27,639
2022-02-28,906
2022-03-01,1094
2022-03-02,951
2022-03-03,918
2022-03-04,774
2022-03-05,655
2022-03-06,707
2022-03-07,992
2022-03-08,945
2022-03-09,1124
2022-03-10,1062
2022-03-11,863
2022-03-12,644
2022-03-13,648
2022-03-14,1109
2022-03-15,980
2022-03-16,1034
2022-03-17,962
2022-03-18,719
2022-03-19,615
2022-03-20,685
2022-03-21,1112
2022-03-22,1074
2022-03-23,1385
2022-03-24,1069
2022-03-25,932
2022-03-26,549
2022-03-27,697
2022-03-28,1210
2022-03-29,1082
2022-03-30,1198
2022-03-31,1081
2022-04-01,963
2022-04-02,709
2022-04-03,672
2022-04-04,1020
2022-04-05,1287
2022-04-06,1243
2022-04-07,1187
2022-04-08,1055
2022-04-09,723
2022-04-10,740
2022-04-11,1006
2022-04-12,1100
2022-04-13,950
2022-04-14,884
2022-04-15,830
2022-04-16,623
2022-04-17,643
2022-04-18,816
2022-04-19,1082
2022-04-20,1004
2022-04-21,991
2022-04-22,879
2022-04-23,676
2022-04-24,692
2022-04-25,1167
2022-04-26,1038
2022-04-27,1141
2022-04-28,1040
2022-04-29,882
2022-04-30,637
2022-05-01,607
2022-05-02,857
2022-05-03,887
2022-05-04,925
2022-05-05,933
2022-05-06,830
2022-05-07,638
2022-05-08,693
2022-05-09,1042
2022-05-10,1032
2022-05-11,1027
2022-05-12,1050
2022-05-13,884
2022-05-14,678
2022-05-15,617
2022-05-16,945
2022-05-17,1275
2022-05-18,1051
2022-05-19,1024
2022-05-20,860
2022-05-21,612
2022-05-22,623
2022-05-23,955
2022-05-24,924
2022-05-25,1025
2022-05-26,858
2022-05-27,821
2022-05-28,530
2022-05-29,647
2022-05-30,891
2022-05-31,957
2022-06-01,809
2022-06-02,902
2022-06-03,724
2022-06-04,577
2022-06-05,580
2022-06-06,860
2022-06-07,1020
2022-06-08,953
2022-06-09,901
2022-06-10,841
2022-06-11,575
2022-06-12,671
2022-06-13,950
2022-06-14,858
2022-06-15,915
2022-06-16,1033
2022-06-17,781
2022-06-18,550
2022-06-19,609
2022-06-20,908
2022-06-21,879
2022-06-22,812
2022-06-23,751
2022-06-24,860
2022-06-25,581
2022-06-26,595
2022-06-27,874
2022-06-28,909
2022-06-29,923
2022-06-30,858
2022-07-01,728
2022-07-02,557
2022-07-03,525
2022-07-04,786
2022-07-05,802
2022-07-06,834
2022-07-07,809
2022-07-08,697
2022-07-09,471
2022-07-10,594
2022-07-11,775
2022-07-12,885
2022-07-13,851
2022-07-14,873
2022-07-15,740
2022-07-16,523
2022-07-17,623
2022-07-18,848
2022-07-19,808
2022-07-20,900
2022-07-21,809
2022-07-22,694
2022-07-23,567
2022-07-24,579
2022-07-25,885
2022-07-26,920
2022-07-27,853
2022-07-28,710
2022-07-29,728
2022-07-30,483
2022-07-31,510
2022-08-01,840
2022-08-02,809
2022-08-03,790
2022-08-04,770
2022-08-05,670
2022-08-06,421
2022-08-07,559
2022-08-08,721
2022-08-09,762
2022-08-10,755
2022-08-11,731
2022-08-12,619
2022-08-13,452
2022-08-14,529
2022-08-15,735
2022-08-16,818
2022-08-17,811
2022-08-18,672
2022-08-19,645
2022-08-20,554
2022-08-21,554
2022-08-22,824
2022-08-23,756
2022-08-24,848
2022-08-25,762
2022-08-26,778
2022-08-27,470
2022-08-28,521
2022-08-29,761
2022-08-30,868
2022-08-31,859
2022-09-01,816
2022-09-02,733
2022-09-03,525
2022-09-04,611
2022-09-05,795
2022-09-06,838
2022-09-07,899
2022-09-08,901
2022-09-09,721
2022-09-10,564
2022-09-11,603
2022-09-12,986
2022-09-13,1090
2022-09-14,980
2022-09-15,999
2022-09-16,851
2022-09-17,615
2022-09-18,620
2022-09-19,951
2022-09-20,1081
2022-09-21,988
2022-09-22,1063
2022-09-23,887
2022-09-24,533
2022-09-25,587
2022-09-26,978
2022-09-27,1022
2022-09-28,960
2022-09-29,950
2022-09-30,834
2022-10-01,524
2022-10-02,699
2022-10-03,848
2022-10-04,806
2022-10-05,892
2022-10-06,947
2022-10-07,764
2022-10-08,608
2022-10-09,577
2022-10-10,955
2022-10-11,963
2022-10-12,985
2022-10-13,880
2022-10-14,871
2022-10-15,539
2022-10-16,584
2022-10-17,966
2022-10-18,1047
2022-10-19,1082
2022-10-20,863
2022-10-21,821
2022-10-22,600
2022-10-23,624
2022-10-24,911
2022-10-25,974
2022-10-26,956
2022-10-27,926
2022-10-28,817
2022-10-29,557
2022-10-30,641
2022-10-31,915
2022-11-01,984
2022-11-02,955
2022-11-03,1002
2022-11-04,908
2022-11-05,543
2022-11-06,755
2022-11-07,1024
2022-11-08,1064
2022-11-09,1099
2022-11-10,964
2022-11-11,872
2022-11-12,611
2022-11-13,735
2022-11-14,1165
2022-11-15,1086
2022-11-16,1004
2022-11-17,1034
2022-11-18,837
2022-11-19,597
2022-11-20,728
2022-11-21,919
2022-11-22,1038
2022-11-23,947
2022-11-24,1076
2022-11-25,861
2022-11-26,616
2022-11-27,729
2022-11-28,1049
2022-11-29,1122
2022-11-30,965
2022-12-01,1061
2022-12-02,932
2022-12-03,647
2022-12-04,786
2022-12-05,1013
2022-12-06,1018
2022-12-07,963
2022-12-08,1010
2022-12-09,838
2022-12-10,593
2022-12-11,596
2022-12-12,909
2022-12-13,988
2022-12-14,996
2022-12-15,880
2022-12-16,705
2022-12-17,555
2022-12-18,586
2022-12-19,809
2022-12-20,822
2022-12-21,729
2022-12-22,699
2022-12-23,517
2022-12-24,405
2022-12-25,386
2022-12-26,525
2022-12-27,537
2022-12-28,606
2022-12-29,541
2022-12-30,480
2022-12-31,361
2023-01-01,312
2023-01-02,569
2023-01-03,699
2023-01-04,723
2023-01-05,719
2023-01-06,616
2023-01-07,515
2023-01-08,612
2023-01-09,836
2023-01-10,842
2023-01-11,912
2023-01-12,822
2023-01-13,722
2023-01-14,484
2023-01-15,594
2023-01-16,778
2023-01-17,973
2023-01-18,901
2023-01-19,901
2023-01-20,798
2023-01-21,568
2023-01-22,549
2023-01-23,842
2023-01-24,895
2023-01-25,997
2023-01-26,760
2023-01-27,749
2023-01-28,602
2023-01-29,671
2023-01-30,898
2023-01-31,901
2023-02-01,791
2023-02-02,788
2023-02-03,756
2023-02-04,539
2023-02-05,519
2023-02-06,806
2023-02-07,761
2023-02-08,776
2023-02-09,840
2023-02-10,721
2023-02-11,560
2023-02-12,542
2023-02-13,887
2023-02-14,874
2023-02-15,881
2023-02-16,879
2023-02-17,783
2023-02-18,481
2023-02-19,554
2023-02-20,820
2023-02-21,962
2023-02-22,892
2023-02-23,822
2023-02-24,807
2023-02-25,540
2023-02-26,577
2023-02-27,841
2023-02-28,846
2023-03-01,827
2023-03-02,794
2023-03-03,824
2023-03-04,554
2023-03-05,474
2023-03-06,759
2023-03-07,747
2023-03-08,800
2023-03-09,852
2023-03-10,670
2023-03-11,566
2023-03-12,571
2023-03-13,855
2023-03-14,818
2023-03-15,944
2023-03-16,829
2023-03-17,809
2023-03-18,482
2023-03-19,619
2023-03-20,872
2023-03-21,850
2023-03-22,857
2023-03-23,844
2023-03-24,754
2023-03-25,626
2023-03-26,551
2023-03-27,892
2023-03-28,943
2023-03-29,862
2023-03-30,861
2023-03-31,777
2023-04-01,468
2023-04-02,551
2023-04-03,816
2023-04-04,707
2023-04-05,760
2023-04-06,702
2023-04-07,560
2023-04-08,462
2023-04-09,470
2023-04-10,645
2023-04-11,753
2023-04-12,785
2023-04-13,718
2023-04-14,672
2023-04-15,487
2023-04-16,491
2023-04-17,807
2023-04-18,862
2023-04-19,817
2023-04-20,731
2023-04-21,761
2023-04-22,504
2023-04-23,579
2023-04-24,723
2023-04-25,762
2023-04-26,857
2023-04-27,770
2023-04-28,706
2023-04-29,486
2023-04-30,497
2023-05-01,617
2023-05-02,831
2023-05-03,817
2023-05-04,884
2023-05-05,758
2023-05-06,512
2023-05-07,507
2023-05-08,801
2023-05-09,838
2023-05-10,825
2023-05-11,816
2023-05-12,726
2023-05-13,433
2023-05-14,466
2023-05-15,825
2023-05-16,882
2023-05-17,678
2023-05-18,743
2023-05-19,661
2023-05-20,470
2023-05-21,566
2023-05-22,788
2023-05-23,776
2023-05-24,768
2023-05-25,803
2023-05-26,691
2023-05-27,493
2023-05-28,424
2023-05-29,641
2023-05-30,763
2023-05-31,818
2023-06-01,723
2023-06-02,667
2023-06-03,403
2023-06-04,431
2023-06-05,654
2023-06-06,841
2023-06-07,844
2023-06-08,764
2023-06-09,614
2023-06-10,468
2023-06-11,451
2023-06-12,721
2023-06-13,692
2023-06-14,788
2023-06-15,761
2023-06-16,626
2023-06-17,449
2023-06-18,496
2023-06-19,775
2023-06-20,710
2023-06-21,770
2023-06-22,677
2023-06-23,678
2023-06-24,432
2023-06-25,497
2023-06-26,831
2023-06-27,799
2023-06-28,687
2023-06-29,680
2023-06-30,508
2023-07-01,352
2023-07-02,394
2023-07-03,661
2023-07-04,641
2023-07-05,721
2023-07-06,679
2023-07-07,576
2023-07-08,447
2023-07-09,446
2023-07-10,715
2023-07-11,772
2023-07-12,704
2023-07-13,662
2023-07-14,634
2023-07-15,390
2023-07-16,492
2023-07-17,660
2023-07-18,737
2023-07-19,688
2023-07-20,615
2023-07-21,572
2023-07-22,421
2023-07-23,422
2023-07-24,683
2023-07-25,720
2023-07-26,723
2023-07-27,654
2023-07-28,611
2023-07-29,404
2023-07-30,446
2023-07-31,600
2023-08-01,692
2023-08-02,660
2023-08-03,713
2023-08-04,604
2023-08-05,406
2023-08-06,436
2023-08-07,696
2023-08-08,671
2023-08-09,731
2023-08-10,642
2023-08-11,533
2023-08-12,408
2023-08-13,387
2023-08-14,591
2023-08-15,547
2023-08-16,544
2023-08-17,628
2023-08-18,552
2023-08-19,362
2023-08-20,416
2023-08-21,604
2023-08-22,738
2023-08-23,606
2023-08-24,612
2023-08-25,594
2023-08-26,370
2023-08-27,382
2023-08-28,594
2023-08-29,675
2023-08-30,689
2023-08-31,691
2023-09-01,589
2023-09-02,377
2023-09-03,399
2023-09-04,640
2023-09-05,683
2023-09-06,777
2023-09-07,767
2023-09-08,602
2023-09-09,381
2023-09-10,439
2023-09-11,706
2023-09-12,775
2023-09-13,711
2023-09-14,701
2023-09-15,565
2023-09-16,402
2023-09-17,431
2023-09-18,676
2023-09-19,677
2023-09-20,708
2023-09-21,657
2023-09-22,630
2023-09-23,414
2023-09-24,458
2023-09-25,683
2023-09-26,676
2023-09-27,784
2023-09-28,671
2023-09-29,590
2023-09-30,445
2023-10-01,493
2023-10-02,659
2023-10-03,656
2023-10-04,687
2023-10-05,706
2023-10-06,648
2023-10-07,394
2023-10-08,485
2023-10-09,691
2023-10-10,654
2023-10-11,742
2023-10-12,728
2023-10-13,608
2023-10-14,446
2023-10-15,481
2023-10-16,718
2023-10-17,744
2023-10-18,687
2023-10-19,771
2023-10-20,630
2023-10-21,526
2023-10-22,537
2023-10-23,676
2023-10-24,769
2023-10-25,756
2023-10-26,766
2023-10-27,673
2023-10-28,426
2023-10-29,624
2023-10-30,919
2023-10-31,811
2023-11-01,788
2023-11-02,871
2023-11-03,700
2023-11-04,512
2023-11-05,619
2023-11-06,748
2023-11-07,784
2023-11-08,887
2023-11-09,782
2023-11-10,636
2023-11-11,443
2023-11-12,477
2023-11-13,736
2023-11-14,736
2023-11-15,790
2023-11-16,759
2023-11-17,683
2023-11-18,487
2023-11-19,521
2023-11-20,794
2023-11-21,762
2023-11-22,749
2023-11-23,693
2023-11-24,655
2023-11-25,423
2023-11-26,542
2023-11-27,748
2023-11-28,785
2023-11-29,766
2023-11-30,832
2023-12-01,734
2023-12-02,496
2023-12-03,478
2023-12-04,742
2023-12-05,761
2023-12-06,726
2023-12-07,732
2023-12-08,683
2023-12-09,523
2023-12-10,602
2023-12-11,827
2023-12-12,796
2023-12-13,698
2023-12-14,721
2023-12-15,640
2023-12-16,395
2023-12-17,440
2023-12-18,702
2023-12-19,676
2023-12-20,677
2023-12-21,571
2023-12-22,497
2023-12-23,347
2023-12-24,329
2023-12-25,349
2023-12-26,486
2023-12-27,522
2023-12-28,495
2023-12-29,460
2023-12-30,306
2023-12-31,316
2024-01-01,385
2024-01-02,609
2024-01-03,627
2024-01-04,684
2024-01-05,635
2024-01-06,493
2024-01-07,576
2024-01-08,722
2024-01-09,872
2024-01-10,772
2024-01-11,878
2024-01-12,703
2024-01-13,532
2024-01-14,552
2024-01-15,816
2024-01-16,851
2024-01-17,872
2024-01-18,849
2024-01-19,798
2024-01-20,481
2024-01-21,643
2024-01-22,829
2024-01-23,867
2024-01-24,850
2024-01-25,765
2024-01-26,760
2024-01-27,526
2024-01-28,576
2024-01-29,843
2024-01-30,859
2024-01-31,853
2024-02-01,704
2024-02-02,670
2024-02-03,531
2024-02-04,560
2024-02-05,899
2024-02-06,927
2024-02-07,753
2024-02-08,692
2024-02-09,636
2024-02-10,449
2024-02-11,465
2024-02-12,701
2024-02-13,705
2024-02-14,741
2024-02-15,762
2024-02-16,655
2024-02-17,451
2024-02-18,576
2024-02-19,727
2024-02-20,738
2024-02-21,729
2024-02-22,827
2024-02-23,621
2024-02-24,438
2024-02-25,508
2024-02-26,772
2024-02-27,736
2024-02-28,832
2024-02-29,832
2024-03-01,769
2024-03-02,504
2024-03-03,596
2024-03-04,794
2024-03-05,923
2024-03-06,999
2024-03-07,816
2024-03-08,753
2024-03-09,572
2024-03-10,634
2024-03-11,814
2024-03-12,1016
2024-03-13,995
2024-03-14,904
2024-03-15,822
2024-03-16,465
2024-03-17,486
2024-03-18,768
2024-03-19,768
2024-03-20,733
2024-03-21,748
2024-03-22,691
2024-03-23,463
2024-03-24,515
2024-03-25,653
2024-03-26,671
2024-03-27,648
2024-03-28,630
2024-03-29,563
2024-03-30,424
2024-03-31,450
2024-04-01,621
